dist,E
2.8,-152.10669851
3.35,-152.11063863
3.9,-152.11198523
4.45,-152.11263538
5.0,-152.11308693
