dist,E
2.8,-152.63176012
3.35,-152.63462407
3.9,-152.6354651
4.45,-152.63586892
5.0,-152.63619745
