dist,E
2.8,-919.70422201
3.35,-920.11093951
3.9,-920.19646051
4.45,-920.21184244
5.0,-920.21446254
