dist,E
2.8,-920.18523536
3.35,-920.54880319
3.9,-920.61988809
4.45,-920.63008911
5.0,-920.63082531
